"order_id","order_date","delivery_time_days","delivery_category"
"ORD00050","2025-10-24",4,"Moderate"
"ORD00049","2025-06-07",4,"Moderate"
"ORD00959","2025-03-17",4,"Moderate"
"ORD00273","2025-07-23",4,"Moderate"
"ORD00390","2025-06-10",4,"Moderate"
"ORD00100","2025-11-14",4,"Moderate"
"ORD00799","2025-10-21",4,"Moderate"
"ORD00286","2025-11-15",4,"Moderate"
"ORD00041","2025-11-30",4,"Moderate"
"ORD00743","2025-01-06",4,"Moderate"
"ORD00297","2025-06-02",4,"Moderate"
"ORD00299","2025-08-26",4,"Moderate"
"ORD00300","2025-07-10",4,"Moderate"
"ORD00301","2025-06-11",4,"Moderate"
"ORD00340","2025-08-15",4,"Moderate"
"ORD00337","2025-02-20",4,"Moderate"
"ORD00333","2025-02-02",4,"Moderate"
"ORD00742","2025-02-25",4,"Moderate"
"ORD00950","2025-08-09",4,"Moderate"
"ORD00323","2025-11-07",4,"Moderate"
"ORD00322","2025-10-29",4,"Moderate"
"ORD00316","2025-01-23",4,"Moderate"
"ORD00672","2025-11-09",4,"Moderate"
"ORD00666","2025-04-15",4,"Moderate"
"ORD00808","2025-11-08",4,"Moderate"
"ORD00809","2025-12-07",4,"Moderate"
"ORD00664","2025-11-17",4,"Moderate"
"ORD00662","2025-01-28",4,"Moderate"
"ORD00760","2025-07-15",4,"Moderate"
"ORD00867","2025-06-05",4,"Moderate"
"ORD00995","2025-04-14",4,"Moderate"
"ORD00633","2025-05-31",4,"Moderate"
"ORD00833","2025-08-17",4,"Moderate"
"ORD00834","2025-11-30",4,"Moderate"
"ORD00736","2025-01-21",4,"Moderate"
"ORD00629","2025-03-27",4,"Moderate"
"ORD00838","2025-11-24",4,"Moderate"
"ORD00628","2025-10-29",4,"Moderate"
"ORD00081","2025-11-12",4,"Moderate"
"ORD00845","2025-03-12",4,"Moderate"
"ORD00726","2025-08-12",4,"Moderate"
"ORD00625","2025-08-03",4,"Moderate"
"ORD00852","2025-01-28",4,"Moderate"
"ORD00769","2025-11-20",4,"Moderate"
"ORD00107","2025-05-13",4,"Moderate"
"ORD00857","2025-10-12",4,"Moderate"
"ORD00614","2025-09-24",4,"Moderate"
"ORD00612","2025-04-10",4,"Moderate"
"ORD00016","2025-10-17",4,"Moderate"
"ORD00603","2025-10-04",4,"Moderate"
"ORD00112","2025-04-17",4,"Moderate"
"ORD00598","2025-12-11",4,"Moderate"
"ORD00596","2025-01-06",4,"Moderate"
"ORD00118","2025-11-09",4,"Moderate"
"ORD00120","2025-11-17",4,"Moderate"
"ORD00594","2025-11-07",4,"Moderate"
"ORD00074","2025-04-15",4,"Moderate"
"ORD00723","2025-01-03",4,"Moderate"
"ORD00904","2025-08-25",4,"Moderate"
"ORD00585","2025-05-04",4,"Moderate"
"ORD00582","2025-11-05",4,"Moderate"
"ORD00722","2025-08-07",4,"Moderate"
"ORD00776","2025-05-24",4,"Moderate"
"ORD00571","2025-12-05",4,"Moderate"
"ORD00570","2025-03-20",4,"Moderate"
"ORD00073","2025-02-06",4,"Moderate"
"ORD00909","2025-01-16",4,"Moderate"
"ORD00148","2025-04-01",4,"Moderate"
"ORD00547","2025-10-01",4,"Moderate"
"ORD00545","2025-03-28",4,"Moderate"
"ORD00542","2025-05-17",4,"Moderate"
"ORD00155","2025-07-16",4,"Moderate"
"ORD00538","2025-09-14",4,"Moderate"
"ORD00982","2025-12-14",4,"Moderate"
"ORD00536","2025-03-17",4,"Moderate"
"ORD00168","2025-05-24",4,"Moderate"
"ORD00980","2025-01-03",4,"Moderate"
"ORD00716","2025-02-25",4,"Moderate"
"ORD00171","2025-10-21",4,"Moderate"
"ORD00173","2025-03-17",4,"Moderate"
"ORD00917","2025-08-20",4,"Moderate"
"ORD00176","2025-05-14",4,"Moderate"
"ORD00877","2025-12-28",4,"Moderate"
"ORD00179","2025-04-13",4,"Moderate"
"ORD00507","2025-10-23",4,"Moderate"
"ORD00505","2025-09-23",4,"Moderate"
"ORD00920","2025-12-23",4,"Moderate"
"ORD00502","2025-06-28",4,"Moderate"
"ORD00498","2025-07-03",4,"Moderate"
"ORD00495","2025-03-23",4,"Moderate"
"ORD00494","2025-08-12",4,"Moderate"
"ORD00975","2025-01-22",4,"Moderate"
"ORD00062","2025-08-17",4,"Moderate"
"ORD00202","2025-02-20",4,"Moderate"
"ORD00926","2025-07-29",4,"Moderate"
"ORD00927","2025-03-07",4,"Moderate"
"ORD00015","2025-02-09",4,"Moderate"
"ORD00465","2025-01-15",4,"Moderate"
"ORD00460","2025-02-13",4,"Moderate"
"ORD00035","2025-05-22",4,"Moderate"
"ORD00214","2025-11-17",4,"Moderate"
"ORD00215","2025-09-18",4,"Moderate"
"ORD00216","2025-03-17",4,"Moderate"
"ORD00217","2025-10-15",4,"Moderate"
"ORD00709","2025-04-25",4,"Moderate"
"ORD00930","2025-08-05",4,"Moderate"
"ORD00931","2025-08-22",4,"Moderate"
"ORD00453","2025-06-18",4,"Moderate"
"ORD00223","2025-04-20",4,"Moderate"
"ORD00448","2025-03-10",4,"Moderate"
"ORD00056","2025-12-07",4,"Moderate"
"ORD00708","2025-05-10",4,"Moderate"
"ORD00440","2025-08-19",4,"Moderate"
"ORD00231","2025-05-09",4,"Moderate"
"ORD00439","2025-02-18",4,"Moderate"
"ORD00966","2025-06-02",4,"Moderate"
"ORD00432","2025-11-27",4,"Moderate"
"ORD00237","2025-11-25",4,"Moderate"
"ORD00965","2025-02-18",4,"Moderate"
"ORD00698","2025-07-19",4,"Moderate"
"ORD00242","2025-10-03",4,"Moderate"
"ORD00244","2025-10-06",4,"Moderate"
"ORD00429","2025-02-04",4,"Moderate"
"ORD00426","2025-12-20",4,"Moderate"
"ORD00424","2025-05-02",4,"Moderate"
"ORD00248","2025-07-15",4,"Moderate"
"ORD00250","2025-01-05",4,"Moderate"
"ORD00418","2025-04-27",4,"Moderate"
"ORD00692","2025-11-21",4,"Moderate"
"ORD00414","2025-05-07",4,"Moderate"
"ORD00413","2025-07-12",4,"Moderate"
"ORD00793","2025-02-04",4,"Moderate"
"ORD00962","2025-05-01",4,"Moderate"
"ORD00272","2025-09-26",4,"Moderate"
"ORD00687","2025-12-14",4,"Moderate"
"ORD00957","2025-03-20",4,"Moderate"
"ORD00392","2025-10-29",4,"Moderate"
"ORD00756","2025-08-11",4,"Moderate"
"ORD00774","2025-01-17",4,"Moderate"
"ORD00135","2025-10-25",4,"Moderate"
"ORD00906","2025-08-16",4,"Moderate"
"ORD00385","2025-04-30",4,"Moderate"
"ORD00408","2025-02-09",4,"Moderate"
"ORD00885","2025-07-19",4,"Moderate"
"ORD00379","2025-04-29",4,"Moderate"
"ORD00580","2025-02-16",4,"Moderate"
"ORD00377","2025-01-06",4,"Moderate"
"ORD00681","2025-01-27",4,"Moderate"
"ORD00282","2025-11-01",4,"Moderate"
"ORD00283","2025-08-02",4,"Moderate"
"ORD00374","2025-03-29",4,"Moderate"
"ORD00369","2025-07-13",4,"Moderate"
"ORD00572","2025-02-18",4,"Moderate"
"ORD00287","2025-03-15",4,"Moderate"
"ORD00288","2025-07-16",4,"Moderate"
"ORD00430","2025-06-12",4,"Moderate"
"ORD00365","2025-01-26",4,"Moderate"
"ORD00359","2025-01-08",4,"Moderate"
"ORD00358","2025-07-22",4,"Moderate"
"ORD00401","2025-07-09",4,"Moderate"
"ORD00353","2025-08-31",4,"Moderate"
"ORD00351","2025-12-01",4,"Moderate"
"ORD00344","2025-01-29",4,"Moderate"
"ORD00090","2025-03-28",4,"Moderate"
"ORD00298","2025-05-30",4,"Moderate"
"ORD00568","2025-08-09",4,"Moderate"
"ORD00486","2025-11-01",4,"Moderate"
"ORD00563","2025-09-22",4,"Moderate"
"ORD00198","2025-05-21",4,"Moderate"
"ORD00043","2025-06-10",4,"Moderate"
"ORD00676","2025-07-16",4,"Moderate"
"ORD00912","2025-01-05",4,"Moderate"
"ORD00334","2025-05-26",4,"Moderate"
"ORD00199","2025-09-09",4,"Moderate"
"ORD00332","2025-05-14",4,"Moderate"
"ORD00482","2025-07-21",4,"Moderate"
"ORD00097","2025-11-28",4,"Moderate"
"ORD00481","2025-10-31",4,"Moderate"
"ORD00752","2025-12-02",4,"Moderate"
"ORD00951","2025-12-18",4,"Moderate"
"ORD00320","2025-06-30",4,"Moderate"
"ORD00983","2025-12-07",4,"Moderate"
"ORD00540","2025-12-31",4,"Moderate"
"ORD00739","2025-12-11",4,"Moderate"
"ORD00671","2025-06-23",4,"Moderate"
"ORD00480","2025-09-11",4,"Moderate"
"ORD00156","2025-03-08",4,"Moderate"
"ORD00719","2025-05-09",4,"Moderate"
"ORD00070","2025-12-18",4,"Moderate"
"ORD00663","2025-11-20",4,"Moderate"
"ORD00812","2025-04-18",4,"Moderate"
"ORD00713","2025-04-17",4,"Moderate"
"ORD00874","2025-02-15",4,"Moderate"
"ORD00661","2025-12-30",4,"Moderate"
"ORD00816","2025-11-27",4,"Moderate"
"ORD00475","2025-01-08",4,"Moderate"
"ORD00738","2025-06-21",4,"Moderate"
"ORD00654","2025-03-23",4,"Moderate"
"ORD00162","2025-06-16",4,"Moderate"
"ORD00653","2025-05-16",4,"Moderate"
"ORD00095","2025-03-05",4,"Moderate"
"ORD00650","2025-07-23",4,"Moderate"
"ORD00646","2025-10-17",4,"Moderate"
"ORD00825","2025-11-10",4,"Moderate"
"ORD00644","2025-01-21",4,"Moderate"
"ORD00737","2025-05-16",4,"Moderate"
"ORD00005","2025-06-14",4,"Moderate"
"ORD00914","2025-02-01",4,"Moderate"
"ORD00830","2025-04-08",4,"Moderate"
"ORD00632","2025-10-17",4,"Moderate"
"ORD00630","2025-05-05",4,"Moderate"
"ORD00065","2025-11-27",4,"Moderate"
"ORD00165","2025-06-13",4,"Moderate"
"ORD00835","2025-01-21",4,"Moderate"
"ORD00166","2025-09-24",4,"Moderate"
"ORD00091","2025-03-04",4,"Moderate"
"ORD00007","2025-04-07",4,"Moderate"
"ORD00735","2025-08-12",4,"Moderate"
"ORD00840","2025-07-17",4,"Moderate"
"ORD00841","2025-05-08",4,"Moderate"
"ORD00864","2025-11-14",4,"Moderate"
"ORD00243","2025-07-26",4,"Moderate"
"ORD00055","2025-03-20",4,"Moderate"
"ORD00415","2025-07-04",4,"Moderate"
"ORD00172","2025-06-07",4,"Moderate"
"ORD00847","2025-01-04",4,"Moderate"
"ORD00767","2025-09-17",4,"Moderate"
"ORD00863","2025-07-08",4,"Moderate"
"ORD00704","2025-07-16",4,"Moderate"
"ORD00851","2025-05-18",4,"Moderate"
"ORD00230","2025-03-04",4,"Moderate"
"ORD00768","2025-12-10",4,"Moderate"
"ORD00918","2025-11-18",4,"Moderate"
"ORD00883","2025-11-01",4,"Moderate"
"ORD00079","2025-03-26",4,"Moderate"
"ORD00261","2025-12-25",4,"Moderate"
"ORD00509","2025-08-12",4,"Moderate"
"ORD00233","2025-05-18",4,"Moderate"
"ORD00903","2025-07-06",4,"Moderate"
"ORD00605","2025-07-17",4,"Moderate"
"ORD00919","2025-05-27",4,"Moderate"
"ORD00434","2025-05-10",4,"Moderate"
"ORD00256","2025-12-24",4,"Moderate"
"ORD00113","2025-02-08",4,"Moderate"
"ORD00114","2025-10-13",4,"Moderate"
"ORD00028","2025-09-17",4,"Moderate"
"ORD00116","2025-04-29",4,"Moderate"
"ORD00029","2025-02-28",4,"Moderate"
"ORD00412","2025-09-15",4,"Moderate"
"ORD00595","2025-06-28",4,"Moderate"
"ORD00219","2025-06-06",4,"Moderate"
"ORD00187","2025-09-23",4,"Moderate"
"ORD00075","2025-10-10",4,"Moderate"
"ORD00123","2025-07-25",4,"Moderate"
"ORD00770","2025-11-25",4,"Moderate"
"ORD00725","2025-11-11",4,"Moderate"
"ORD00188","2025-03-09",4,"Moderate"
"ORD00724","2025-07-30",4,"Moderate"
"ORD00990","2025-01-06",4,"Moderate"
"ORD00063","2025-10-03",4,"Moderate"
"ORD00419","2025-08-13",4,"Moderate"
"ORD00238","2025-12-14",4,"Moderate"
"ORD00584","2025-01-03",4,"Moderate"
"ORD00782","2025-04-10",4,"Moderate"
"ORD00564","2025-09-09",7,"Delayed"
"ORD00762","2025-12-26",7,"Delayed"
"ORD00873","2025-07-04",7,"Delayed"
"ORD00871","2025-11-24",7,"Delayed"
"ORD00870","2025-11-23",7,"Delayed"
"ORD00869","2025-10-24",7,"Delayed"
"ORD00805","2025-11-13",7,"Delayed"
"ORD00814","2025-01-27",7,"Delayed"
"ORD00818","2025-06-11",7,"Delayed"
"ORD00865","2025-07-30",7,"Delayed"
"ORD00827","2025-06-11",7,"Delayed"
"ORD00836","2025-08-25",7,"Delayed"
"ORD00839","2025-07-31",7,"Delayed"
"ORD00846","2025-01-18",7,"Delayed"
"ORD00848","2025-08-22",7,"Delayed"
"ORD00853","2025-11-01",7,"Delayed"
"ORD00854","2025-12-31",7,"Delayed"
"ORD00124","2025-12-15",7,"Delayed"
"ORD00125","2025-07-23",7,"Delayed"
"ORD00127","2025-04-21",7,"Delayed"
"ORD00129","2025-04-24",7,"Delayed"
"ORD00134","2025-01-03",7,"Delayed"
"ORD00137","2025-03-16",7,"Delayed"
"ORD00140","2025-05-21",7,"Delayed"
"ORD00150","2025-02-16",7,"Delayed"
"ORD00023","2025-06-17",7,"Delayed"
"ORD00167","2025-06-12",7,"Delayed"
"ORD00170","2025-09-26",7,"Delayed"
"ORD00177","2025-04-22",7,"Delayed"
"ORD00192","2025-02-16",7,"Delayed"
"ORD00196","2025-05-14",7,"Delayed"
"ORD00204","2025-08-05",7,"Delayed"
"ORD00205","2025-10-11",7,"Delayed"
"ORD00210","2025-11-11",7,"Delayed"
"ORD00218","2025-07-31",7,"Delayed"
"ORD00226","2025-03-01",7,"Delayed"
"ORD00229","2025-12-15",7,"Delayed"
"ORD00241","2025-04-21",7,"Delayed"
"ORD00964","2025-04-11",7,"Delayed"
"ORD00254","2025-01-22",7,"Delayed"
"ORD00258","2025-12-27",7,"Delayed"
"ORD00960","2025-12-01",7,"Delayed"
"ORD00958","2025-03-23",7,"Delayed"
"ORD00271","2025-07-13",7,"Delayed"
"ORD00276","2025-07-12",7,"Delayed"
"ORD00277","2025-05-01",7,"Delayed"
"ORD00279","2025-02-15",7,"Delayed"
"ORD00281","2025-06-09",7,"Delayed"
"ORD00293","2025-12-08",7,"Delayed"
"ORD00304","2025-07-16",7,"Delayed"
"ORD00954","2025-11-04",7,"Delayed"
"ORD00318","2025-10-17",7,"Delayed"
"ORD00325","2025-09-29",7,"Delayed"
"ORD00329","2025-06-16",7,"Delayed"
"ORD00335","2025-03-29",7,"Delayed"
"ORD00042","2025-06-01",7,"Delayed"
"ORD00341","2025-08-02",7,"Delayed"
"ORD00343","2025-09-17",7,"Delayed"
"ORD00949","2025-03-09",7,"Delayed"
"ORD00348","2025-02-13",7,"Delayed"
"ORD00044","2025-06-12",7,"Delayed"
"ORD00380","2025-05-30",7,"Delayed"
"ORD00381","2025-12-11",7,"Delayed"
"ORD00384","2025-04-13",7,"Delayed"
"ORD00388","2025-04-05",7,"Delayed"
"ORD00389","2025-04-26",7,"Delayed"
"ORD00394","2025-01-28",7,"Delayed"
"ORD00395","2025-05-27",7,"Delayed"
"ORD00400","2025-08-12",7,"Delayed"
"ORD00938","2025-04-01",7,"Delayed"
"ORD00052","2025-01-11",7,"Delayed"
"ORD00428","2025-07-07",7,"Delayed"
"ORD00433","2025-06-17",7,"Delayed"
"ORD00054","2025-01-06",7,"Delayed"
"ORD00934","2025-05-31",7,"Delayed"
"ORD00442","2025-09-23",7,"Delayed"
"ORD00463","2025-10-30",7,"Delayed"
"ORD00466","2025-10-09",7,"Delayed"
"ORD00923","2025-10-04",7,"Delayed"
"ORD00506","2025-02-26",7,"Delayed"
"ORD00066","2025-07-01",7,"Delayed"
"ORD00522","2025-12-12",7,"Delayed"
"ORD00916","2025-11-28",7,"Delayed"
"ORD00526","2025-12-20",7,"Delayed"
"ORD00527","2025-08-10",7,"Delayed"
"ORD00915","2025-09-07",7,"Delayed"
"ORD00546","2025-10-12",7,"Delayed"
"ORD00551","2025-11-09",7,"Delayed"
"ORD00565","2025-07-03",7,"Delayed"
"ORD00577","2025-01-21",7,"Delayed"
"ORD00579","2025-01-24",7,"Delayed"
"ORD00597","2025-06-11",7,"Delayed"
"ORD00608","2025-06-12",7,"Delayed"
"ORD00617","2025-02-20",7,"Delayed"
"ORD00897","2025-08-17",7,"Delayed"
"ORD00080","2025-05-11",7,"Delayed"
"ORD00636","2025-01-10",7,"Delayed"
"ORD00642","2025-01-03",7,"Delayed"
"ORD00655","2025-02-27",7,"Delayed"
"ORD00656","2025-02-18",7,"Delayed"
"ORD00001","2025-01-09",7,"Delayed"
"ORD00669","2025-05-08",7,"Delayed"
"ORD00674","2025-04-04",7,"Delayed"
"ORD00888","2025-08-29",7,"Delayed"
"ORD00887","2025-02-07",7,"Delayed"
"ORD00683","2025-10-13",7,"Delayed"
"ORD00694","2025-03-19",7,"Delayed"
"ORD00696","2025-01-20",7,"Delayed"
"ORD00697","2025-08-01",7,"Delayed"
"ORD00703","2025-05-24",7,"Delayed"
"ORD00710","2025-09-05",7,"Delayed"
"ORD00881","2025-10-06",7,"Delayed"
"ORD00728","2025-11-15",7,"Delayed"
"ORD00730","2025-03-20",7,"Delayed"
"ORD00093","2025-06-01",7,"Delayed"
"ORD00741","2025-06-12",7,"Delayed"
"ORD00745","2025-01-10",7,"Delayed"
"ORD00746","2025-05-24",7,"Delayed"
"ORD00748","2025-07-19",7,"Delayed"
"ORD00902","2025-12-09",5,"Moderate"
"ORD00033","2025-10-20",5,"Moderate"
"ORD00925","2025-09-13",5,"Moderate"
"ORD00924","2025-03-05",5,"Moderate"
"ORD00637","2025-04-01",5,"Moderate"
"ORD00478","2025-08-17",5,"Moderate"
"ORD00640","2025-04-12",5,"Moderate"
"ORD00059","2025-11-16",5,"Moderate"
"ORD00647","2025-08-03",5,"Moderate"
"ORD00031","2025-07-28",5,"Moderate"
"ORD00104","2025-11-19",5,"Moderate"
"ORD00892","2025-11-15",5,"Moderate"
"ORD00103","2025-05-07",5,"Moderate"
"ORD00732","2025-11-27",5,"Moderate"
"ORD00014","2025-04-19",5,"Moderate"
"ORD00734","2025-03-13",5,"Moderate"
"ORD00485","2025-01-16",5,"Moderate"
"ORD00659","2025-06-13",5,"Moderate"
"ORD00813","2025-08-03",5,"Moderate"
"ORD00765","2025-08-01",5,"Moderate"
"ORD00245","2025-12-16",5,"Moderate"
"ORD00764","2025-11-12",5,"Moderate"
"ORD00191","2025-07-25",5,"Moderate"
"ORD00679","2025-12-03",5,"Moderate"
"ORD00761","2025-11-03",5,"Moderate"
"ORD00800","2025-05-23",5,"Moderate"
"ORD00759","2025-01-06",5,"Moderate"
"ORD00190","2025-12-05",5,"Moderate"
"ORD00319","2025-09-20",5,"Moderate"
"ORD00431","2025-08-01",5,"Moderate"
"ORD00321","2025-08-07",5,"Moderate"
"ORD00236","2025-01-05",5,"Moderate"
"ORD00186","2025-06-11",5,"Moderate"
"ORD00326","2025-07-08",5,"Moderate"
"ORD00327","2025-02-07",5,"Moderate"
"ORD00328","2025-09-14",5,"Moderate"
"ORD00331","2025-09-18",5,"Moderate"
"ORD00706","2025-12-30",5,"Moderate"
"ORD00884","2025-11-22",5,"Moderate"
"ORD00234","2025-02-10",5,"Moderate"
"ORD00935","2025-08-25",5,"Moderate"
"ORD00342","2025-04-12",5,"Moderate"
"ORD00792","2025-04-20",5,"Moderate"
"ORD00002","2025-05-18",5,"Moderate"
"ORD00025","2025-10-08",5,"Moderate"
"ORD00294","2025-08-02",5,"Moderate"
"ORD00354","2025-02-23",5,"Moderate"
"ORD00064","2025-06-23",5,"Moderate"
"ORD00164","2025-11-30",5,"Moderate"
"ORD00360","2025-07-02",5,"Moderate"
"ORD00755","2025-02-13",5,"Moderate"
"ORD00517","2025-05-06",5,"Moderate"
"ORD00363","2025-01-05",5,"Moderate"
"ORD00364","2025-01-08",5,"Moderate"
"ORD00366","2025-12-10",5,"Moderate"
"ORD00707","2025-12-11",5,"Moderate"
"ORD00008","2025-09-19",5,"Moderate"
"ORD00520","2025-10-29",5,"Moderate"
"ORD00521","2025-11-05",5,"Moderate"
"ORD00375","2025-10-11",5,"Moderate"
"ORD00788","2025-09-16",5,"Moderate"
"ORD00280","2025-09-23",5,"Moderate"
"ORD00378","2025-09-14",5,"Moderate"
"ORD00749","2025-08-12",5,"Moderate"
"ORD00383","2025-01-10",5,"Moderate"
"ORD00780","2025-01-03",5,"Moderate"
"ORD00232","2025-02-17",5,"Moderate"
"ORD00779","2025-08-21",5,"Moderate"
"ORD00528","2025-11-10",5,"Moderate"
"ORD00228","2025-11-12",5,"Moderate"
"ORD00530","2025-11-14",5,"Moderate"
"ORD00391","2025-04-29",5,"Moderate"
"ORD00161","2025-03-22",5,"Moderate"
"ORD00537","2025-06-08",5,"Moderate"
"ORD00158","2025-05-06",5,"Moderate"
"ORD00154","2025-06-16",5,"Moderate"
"ORD00543","2025-02-20",5,"Moderate"
"ORD00446","2025-06-30",5,"Moderate"
"ORD00984","2025-03-21",5,"Moderate"
"ORD00721","2025-03-31",5,"Moderate"
"ORD00702","2025-08-19",5,"Moderate"
"ORD00146","2025-07-31",5,"Moderate"
"ORD00556","2025-08-17",5,"Moderate"
"ORD00449","2025-06-22",5,"Moderate"
"ORD00559","2025-05-15",5,"Moderate"
"ORD00561","2025-10-02",5,"Moderate"
"ORD00932","2025-12-05",5,"Moderate"
"ORD00451","2025-03-25",5,"Moderate"
"ORD00270","2025-02-25",5,"Moderate"
"ORD00037","2025-01-21",5,"Moderate"
"ORD00022","2025-07-25",5,"Moderate"
"ORD00574","2025-03-08",5,"Moderate"
"ORD00907","2025-12-16",5,"Moderate"
"ORD00576","2025-02-01",5,"Moderate"
"ORD00757","2025-01-28",5,"Moderate"
"ORD00578","2025-01-21",5,"Moderate"
"ORD00138","2025-03-08",5,"Moderate"
"ORD00036","2025-11-11",5,"Moderate"
"ORD00021","2025-09-16",5,"Moderate"
"ORD00264","2025-04-18",5,"Moderate"
"ORD00586","2025-04-14",5,"Moderate"
"ORD00589","2025-04-23",5,"Moderate"
"ORD00019","2025-06-27",5,"Moderate"
"ORD00461","2025-08-16",5,"Moderate"
"ORD00119","2025-08-10",5,"Moderate"
"ORD00600","2025-01-15",5,"Moderate"
"ORD00048","2025-08-18",5,"Moderate"
"ORD00111","2025-12-19",5,"Moderate"
"ORD00929","2025-10-10",5,"Moderate"
"ORD00109","2025-07-01",5,"Moderate"
"ORD00425","2025-12-02",5,"Moderate"
"ORD00968","2025-02-21",5,"Moderate"
"ORD00058","2025-04-16",5,"Moderate"
"ORD00094","2025-06-09",5,"Moderate"
"ORD00106","2025-05-16",5,"Moderate"
"ORD00837","2025-10-31",5,"Moderate"
"ORD00832","2025-10-27",5,"Moderate"
"ORD00474","2025-07-11",5,"Moderate"
"ORD00206","2025-05-23",5,"Moderate"
"ORD00615","2025-04-18",6,"Moderate"
"ORD00616","2025-07-26",6,"Moderate"
"ORD00246","2025-10-24",6,"Moderate"
"ORD00900","2025-04-19",6,"Moderate"
"ORD00078","2025-12-15",6,"Moderate"
"ORD00620","2025-06-23",6,"Moderate"
"ORD00513","2025-08-09",6,"Moderate"
"ORD00856","2025-02-16",6,"Moderate"
"ORD00548","2025-09-15",6,"Moderate"
"ORD00880","2025-03-21",6,"Moderate"
"ORD00472","2025-04-21",6,"Moderate"
"ORD00844","2025-07-25",6,"Moderate"
"ORD00473","2025-02-22",6,"Moderate"
"ORD00174","2025-02-27",6,"Moderate"
"ORD00963","2025-11-12",6,"Moderate"
"ORD00550","2025-11-02",6,"Moderate"
"ORD00771","2025-04-22",6,"Moderate"
"ORD00994","2025-01-22",6,"Moderate"
"ORD00829","2026-01-01",6,"Moderate"
"ORD00422","2025-04-17",6,"Moderate"
"ORD00553","2025-11-23",6,"Moderate"
"ORD00599","2025-11-22",6,"Moderate"
"ORD00290","2025-10-24",6,"Moderate"
"ORD00555","2025-04-26",6,"Moderate"
"ORD00639","2025-12-31",6,"Moderate"
"ORD00583","2025-06-06",6,"Moderate"
"ORD00641","2025-02-11",6,"Moderate"
"ORD00368","2025-12-25",6,"Moderate"
"ORD00643","2025-08-05",6,"Moderate"
"ORD00826","2025-03-05",6,"Moderate"
"ORD00203","2025-08-07",6,"Moderate"
"ORD00824","2025-12-08",6,"Moderate"
"ORD00955","2025-12-09",6,"Moderate"
"ORD00201","2025-01-14",6,"Moderate"
"ORD00557","2025-03-21",6,"Moderate"
"ORD00371","2025-05-04",6,"Moderate"
"ORD00519","2025-01-13",6,"Moderate"
"ORD00483","2025-10-02",6,"Moderate"
"ORD00860","2025-02-22",6,"Moderate"
"ORD00484","2025-06-14",6,"Moderate"
"ORD00131","2025-05-26",6,"Moderate"
"ORD00560","2025-11-22",6,"Moderate"
"ORD00405","2025-11-27",6,"Moderate"
"ORD00562","2025-09-10",6,"Moderate"
"ORD00587","2025-07-17",6,"Moderate"
"ORD00406","2025-11-10",6,"Moderate"
"ORD00815","2025-09-11",6,"Moderate"
"ORD00278","2025-07-23",6,"Moderate"
"ORD00790","2025-04-12",6,"Moderate"
"ORD00089","2025-06-09",6,"Moderate"
"ORD00921","2025-06-15",6,"Moderate"
"ORD00490","2025-11-10",6,"Moderate"
"ORD00667","2025-07-24",6,"Moderate"
"ORD00060","2025-08-10",6,"Moderate"
"ORD00695","2025-04-26",6,"Moderate"
"ORD00061","2025-12-08",6,"Moderate"
"ORD00588","2025-04-21",6,"Moderate"
"ORD00868","2025-12-28",6,"Moderate"
"ORD00979","2025-08-01",6,"Moderate"
"ORD00067","2025-05-13",6,"Moderate"
"ORD00878","2025-05-02",6,"Moderate"
"ORD00802","2025-10-29",6,"Moderate"
"ORD00496","2025-08-15",6,"Moderate"
"ORD00678","2025-12-28",6,"Moderate"
"ORD00417","2025-04-25",6,"Moderate"
"ORD00144","2025-10-29",6,"Moderate"
"ORD00039","2025-02-22",6,"Moderate"
"ORD00699","2025-10-21",6,"Moderate"
"ORD00718","2025-05-20",6,"Moderate"
"ORD00798","2025-11-11",6,"Moderate"
"ORD00602","2025-01-09",6,"Moderate"
"ORD00317","2025-05-27",6,"Moderate"
"ORD00499","2025-09-12",6,"Moderate"
"ORD00034","2025-05-17",6,"Moderate"
"ORD00591","2025-08-26",6,"Moderate"
"ORD00997","2025-05-03",6,"Moderate"
"ORD00312","2025-12-14",6,"Moderate"
"ORD00987","2025-03-13",6,"Moderate"
"ORD00310","2025-01-23",6,"Moderate"
"ORD00940","2025-09-06",6,"Moderate"
"ORD00262","2025-12-11",6,"Moderate"
"ORD00913","2025-08-09",6,"Moderate"
"ORD00573","2025-12-28",6,"Moderate"
"ORD00795","2025-08-02",6,"Moderate"
"ORD00330","2025-10-25",6,"Moderate"
"ORD00766","2025-11-10",6,"Moderate"
"ORD00257","2025-07-03",6,"Moderate"
"ORD00504","2025-12-19",6,"Moderate"
"ORD00027","2025-10-03",6,"Moderate"
"ORD00122","2025-03-12",6,"Moderate"
"ORD00057","2025-06-13",6,"Moderate"
"ORD00939","2025-05-05",6,"Moderate"
"ORD00303","2025-09-17",6,"Moderate"
"ORD00339","2025-06-11",6,"Moderate"
"ORD00302","2025-08-11",6,"Moderate"
"ORD00690","2025-10-29",6,"Moderate"
"ORD00152","2025-12-07",6,"Moderate"
"ORD00010","2025-03-24",6,"Moderate"
"ORD00017","2025-01-20",6,"Moderate"
"ORD00791","2025-10-13",6,"Moderate"
"ORD00346","2025-09-08",6,"Moderate"
"ORD00457","2025-06-24",6,"Moderate"
"ORD00510","2025-03-16",6,"Moderate"
"ORD00349","2025-09-28",6,"Moderate"
"ORD00511","2025-12-09",6,"Moderate"
"ORD00295","2025-05-04",6,"Moderate"
"ORD00352","2025-12-17",6,"Moderate"
"ORD00720","2025-05-12",6,"Moderate"
"ORD00149","2025-04-15",6,"Moderate"
"ORD00275","2025-12-06",6,"Moderate"
"ORD00305","2025-01-02",3,"Fast"
"ORD00386","2025-01-31",3,"Fast"
"ORD00047","2025-05-07",3,"Fast"
"ORD00999","2025-03-12",3,"Fast"
"ORD00700","2025-11-06",3,"Fast"
"ORD00701","2025-02-06",3,"Fast"
"ORD00266","2025-12-03",3,"Fast"
"ORD00397","2025-07-02",3,"Fast"
"ORD00265","2025-04-27",3,"Fast"
"ORD00404","2025-03-06",3,"Fast"
"ORD00407","2025-06-11",3,"Fast"
"ORD00263","2025-06-24",3,"Fast"
"ORD00409","2025-08-19",3,"Fast"
"ORD00410","2025-12-17",3,"Fast"
"ORD00051","2025-10-06",3,"Fast"
"ORD00255","2025-05-19",3,"Fast"
"ORD00416","2025-10-19",3,"Fast"
"ORD00038","2025-03-01",3,"Fast"
"ORD00789","2025-09-05",3,"Fast"
"ORD00003","2025-02-05",3,"Fast"
"ORD00423","2025-04-05",3,"Fast"
"ORD00247","2025-06-21",3,"Fast"
"ORD00427","2025-09-03",3,"Fast"
"ORD00705","2025-12-07",3,"Fast"
"ORD00240","2025-03-10",3,"Fast"
"ORD00436","2025-03-01",3,"Fast"
"ORD00227","2025-06-17",3,"Fast"
"ORD00099","2025-09-22",3,"Fast"
"ORD00933","2025-03-24",3,"Fast"
"ORD00444","2025-01-07",3,"Fast"
"ORD00225","2025-02-15",3,"Fast"
"ORD00447","2025-02-15",3,"Fast"
"ORD00967","2025-06-02",3,"Fast"
"ORD00452","2025-03-05",3,"Fast"
"ORD00222","2025-03-18",3,"Fast"
"ORD00454","2025-10-11",3,"Fast"
"ORD00456","2025-04-16",3,"Fast"
"ORD00459","2025-10-01",3,"Fast"
"ORD00462","2025-09-25",3,"Fast"
"ORD00744","2025-08-11",3,"Fast"
"ORD00211","2025-10-02",3,"Fast"
"ORD00711","2025-06-25",3,"Fast"
"ORD00470","2025-08-07",3,"Fast"
"ORD00197","2025-07-31",3,"Fast"
"ORD00487","2025-04-25",3,"Fast"
"ORD00973","2025-04-12",3,"Fast"
"ORD00497","2025-06-20",3,"Fast"
"ORD00030","2025-10-24",3,"Fast"
"ORD00501","2025-03-15",3,"Fast"
"ORD00185","2025-12-20",3,"Fast"
"ORD00784","2025-07-07",3,"Fast"
"ORD00181","2025-02-07",3,"Fast"
"ORD00024","2025-04-20",3,"Fast"
"ORD00714","2025-05-12",3,"Fast"
"ORD00876","2025-02-02",3,"Fast"
"ORD00525","2025-02-19",3,"Fast"
"ORD00778","2025-02-06",3,"Fast"
"ORD00069","2025-04-01",3,"Fast"
"ORD00981","2025-06-05",3,"Fast"
"ORD00534","2025-12-04",3,"Fast"
"ORD00159","2025-06-23",3,"Fast"
"ORD00541","2025-02-03",3,"Fast"
"ORD00071","2025-12-18",3,"Fast"
"ORD00147","2025-12-06",3,"Fast"
"ORD00911","2025-07-14",3,"Fast"
"ORD00072","2025-10-14",3,"Fast"
"ORD00145","2025-11-06",3,"Fast"
"ORD00753","2025-02-06",3,"Fast"
"ORD00908","2025-03-21",3,"Fast"
"ORD00986","2025-02-12",3,"Fast"
"ORD00569","2025-11-01",3,"Fast"
"ORD00142","2025-04-09",3,"Fast"
"ORD00773","2025-05-12",3,"Fast"
"ORD00772","2025-03-25",3,"Fast"
"ORD00136","2025-11-27",3,"Fast"
"ORD00020","2025-04-10",3,"Fast"
"ORD00130","2025-07-13",3,"Fast"
"ORD00018","2025-12-27",3,"Fast"
"ORD00115","2026-01-01",3,"Fast"
"ORD00601","2025-09-30",3,"Fast"
"ORD00604","2025-10-06",3,"Fast"
"ORD00076","2025-02-13",3,"Fast"
"ORD00609","2025-01-21",3,"Fast"
"ORD00611","2025-07-19",3,"Fast"
"ORD00108","2025-01-24",3,"Fast"
"ORD00858","2025-10-14",3,"Fast"
"ORD00750","2025-10-28",3,"Fast"
"ORD00898","2025-04-01",3,"Fast"
"ORD00861","2025-02-10",3,"Fast"
"ORD00627","2025-09-20",3,"Fast"
"ORD00004","2025-03-28",3,"Fast"
"ORD00634","2025-07-24",3,"Fast"
"ORD00828","2025-02-11",3,"Fast"
"ORD00747","2025-11-19",3,"Fast"
"ORD00895","2025-05-30",3,"Fast"
"ORD00731","2025-07-21",3,"Fast"
"ORD00893","2025-08-01",3,"Fast"
"ORD00084","2025-03-03",3,"Fast"
"ORD00649","2025-09-04",3,"Fast"
"ORD00652","2025-12-03",3,"Fast"
"ORD00819","2025-12-26",3,"Fast"
"ORD00086","2025-10-14",3,"Fast"
"ORD00891","2025-02-12",3,"Fast"
"ORD00101","2025-01-02",3,"Fast"
"ORD00810","2025-04-20",3,"Fast"
"ORD00665","2025-12-27",3,"Fast"
"ORD00807","2025-10-07",3,"Fast"
"ORD00889","2025-06-01",3,"Fast"
"ORD00670","2025-09-19",3,"Fast"
"ORD00806","2025-07-11",3,"Fast"
"ORD00673","2025-04-01",3,"Fast"
"ORD00675","2026-01-01",3,"Fast"
"ORD00996","2025-10-17",3,"Fast"
"ORD00087","2025-01-11",3,"Fast"
"ORD00315","2025-10-28",3,"Fast"
"ORD00685","2025-12-25",3,"Fast"
"ORD00314","2025-07-04",3,"Fast"
"ORD00311","2025-10-03",3,"Fast"
"ORD00088","2025-03-30",3,"Fast"
"ORD00308","2025-12-05",3,"Fast"
"ORD00307","2025-11-23",3,"Fast"
"ORD00306","2025-09-04",3,"Fast"
"ORD00689","2025-10-23",3,"Fast"
"ORD00758","2025-04-17",3,"Fast"
"ORD00296","2025-12-05",3,"Fast"
"ORD00347","2025-10-10",3,"Fast"
"ORD00882","2025-03-12",3,"Fast"
"ORD00350","2025-05-05",3,"Fast"
"ORD00946","2025-12-15",3,"Fast"
"ORD00356","2025-11-08",3,"Fast"
"ORD00944","2025-03-21",3,"Fast"
"ORD00292","2025-12-31",3,"Fast"
"ORD00291","2025-05-03",3,"Fast"
"ORD00362","2025-08-12",3,"Fast"
"ORD00367","2025-11-08",3,"Fast"
"ORD00372","2025-04-18",3,"Fast"
"ORD00373","2025-07-04",3,"Fast"
"ORD00284","2025-07-19",3,"Fast"
"ORD00943","2025-05-21",3,"Fast"
"ORD00998","2025-08-06",3,"Fast"
"ORD01000","2025-09-17",6,"Moderate"
"ORD00006","2025-06-09",6,"Moderate"
"ORD00009","2025-01-10",6,"Moderate"
"ORD00011","2025-12-22",6,"Moderate"
"ORD00012","2025-11-29",6,"Moderate"
"ORD00026","2025-01-21",6,"Moderate"
"ORD00032","2025-03-06",6,"Moderate"
"ORD00045","2025-04-21",6,"Moderate"
"ORD00053","2025-10-10",6,"Moderate"
"ORD00077","2025-05-09",6,"Moderate"
"ORD00082","2025-07-15",6,"Moderate"
"ORD00083","2025-06-16",6,"Moderate"
"ORD00085","2025-06-01",6,"Moderate"
"ORD00092","2025-02-25",6,"Moderate"
"ORD00098","2025-01-02",6,"Moderate"
"ORD00110","2025-09-17",6,"Moderate"
"ORD00117","2025-05-13",6,"Moderate"
"ORD00121","2025-05-15",6,"Moderate"
"ORD00126","2025-04-06",6,"Moderate"
"ORD00132","2025-05-13",6,"Moderate"
"ORD00133","2025-04-20",6,"Moderate"
"ORD00141","2025-01-15",6,"Moderate"
"ORD00157","2025-12-14",6,"Moderate"
"ORD00175","2025-02-20",6,"Moderate"
"ORD00178","2025-07-08",6,"Moderate"
"ORD00180","2025-08-20",6,"Moderate"
"ORD00182","2025-09-30",6,"Moderate"
"ORD00183","2025-11-12",6,"Moderate"
"ORD00184","2025-08-23",6,"Moderate"
"ORD00189","2025-03-25",6,"Moderate"
"ORD00200","2025-03-08",6,"Moderate"
"ORD00207","2025-04-20",6,"Moderate"
"ORD00208","2025-08-18",6,"Moderate"
"ORD00212","2025-11-16",6,"Moderate"
"ORD00213","2025-12-03",6,"Moderate"
"ORD00220","2025-07-08",6,"Moderate"
"ORD00221","2025-04-01",6,"Moderate"
"ORD00249","2025-03-16",6,"Moderate"
"ORD00251","2025-01-16",6,"Moderate"
"ORD00274","2025-05-08",6,"Moderate"
"ORD00289","2025-03-08",6,"Moderate"
"ORD00336","2025-05-25",6,"Moderate"
"ORD00338","2025-09-20",6,"Moderate"
"ORD00361","2025-09-01",6,"Moderate"
"ORD00370","2025-04-12",6,"Moderate"
"ORD00382","2025-01-29",6,"Moderate"
"ORD00387","2025-06-17",6,"Moderate"
"ORD00393","2025-04-27",6,"Moderate"
"ORD00396","2025-01-17",6,"Moderate"
"ORD00403","2025-03-07",6,"Moderate"
"ORD00411","2025-04-09",6,"Moderate"
"ORD00420","2025-07-02",6,"Moderate"
"ORD00421","2025-04-16",6,"Moderate"
"ORD00437","2025-07-02",6,"Moderate"
"ORD00441","2025-11-24",6,"Moderate"
"ORD00445","2025-10-29",6,"Moderate"
"ORD00468","2025-08-28",6,"Moderate"
"ORD00471","2025-03-16",6,"Moderate"
"ORD00479","2025-03-05",6,"Moderate"
"ORD00491","2025-05-31",6,"Moderate"
"ORD00492","2025-06-29",6,"Moderate"
"ORD00493","2025-10-01",6,"Moderate"
"ORD00500","2025-11-30",6,"Moderate"
"ORD00514","2025-05-01",6,"Moderate"
"ORD00516","2025-09-25",6,"Moderate"
"ORD00518","2025-01-10",6,"Moderate"
"ORD00523","2025-09-25",6,"Moderate"
"ORD00531","2025-06-14",6,"Moderate"
"ORD00532","2025-09-21",6,"Moderate"
"ORD00539","2025-08-29",6,"Moderate"
"ORD00544","2025-09-13",6,"Moderate"
"ORD00558","2025-12-17",6,"Moderate"
"ORD00567","2025-03-07",6,"Moderate"
"ORD00592","2025-03-27",6,"Moderate"
"ORD00593","2025-01-08",6,"Moderate"
"ORD00607","2025-11-13",6,"Moderate"
"ORD00610","2025-12-19",6,"Moderate"
"ORD00619","2025-12-06",6,"Moderate"
"ORD00622","2025-08-15",6,"Moderate"
"ORD00624","2025-12-18",6,"Moderate"
"ORD00626","2025-08-24",6,"Moderate"
"ORD00631","2025-05-11",6,"Moderate"
"ORD00635","2025-09-08",6,"Moderate"
"ORD00648","2025-10-06",6,"Moderate"
"ORD00657","2025-05-19",6,"Moderate"
"ORD00658","2025-11-01",6,"Moderate"
"ORD00682","2025-07-27",6,"Moderate"
"ORD00686","2025-10-19",6,"Moderate"
"ORD00712","2025-01-28",6,"Moderate"
"ORD00715","2025-09-05",6,"Moderate"
"ORD00717","2025-12-08",6,"Moderate"
"ORD00733","2025-06-08",6,"Moderate"
"ORD00740","2025-07-16",6,"Moderate"
"ORD00751","2025-09-19",6,"Moderate"
"ORD00754","2025-01-01",6,"Moderate"
"ORD00763","2025-07-27",6,"Moderate"
"ORD00777","2025-10-25",6,"Moderate"
"ORD00786","2025-04-28",6,"Moderate"
"ORD00787","2025-03-10",6,"Moderate"
"ORD00797","2025-02-07",6,"Moderate"
"ORD00811","2025-04-15",6,"Moderate"
"ORD00820","2025-05-09",6,"Moderate"
"ORD00821","2025-03-05",6,"Moderate"
"ORD00823","2025-04-12",6,"Moderate"
"ORD00831","2025-07-21",6,"Moderate"
"ORD00843","2025-06-29",6,"Moderate"
"ORD00855","2025-11-13",6,"Moderate"
"ORD00859","2025-10-20",6,"Moderate"
"ORD00862","2025-02-04",6,"Moderate"
"ORD00872","2025-08-28",6,"Moderate"
"ORD00875","2025-12-23",6,"Moderate"
"ORD00910","2025-02-06",6,"Moderate"
"ORD00922","2025-01-14",6,"Moderate"
"ORD00937","2025-12-14",6,"Moderate"
"ORD00945","2025-12-29",6,"Moderate"
"ORD00948","2025-01-01",6,"Moderate"
"ORD00952","2025-03-01",6,"Moderate"
"ORD00956","2025-12-25",6,"Moderate"
"ORD00972","2025-10-01",6,"Moderate"
"ORD00974","2025-05-06",6,"Moderate"
"ORD00794","2025-03-08",4,"Moderate"
"ORD00785","2025-07-12",4,"Moderate"
"ORD00991","2025-05-20",4,"Moderate"
"ORD00783","2025-02-19",4,"Moderate"
"ORD00781","2025-08-09",4,"Moderate"
"ORD00775","2025-07-07",4,"Moderate"
"ORD00879","2025-05-01",4,"Moderate"
"ORD00729","2025-07-24",4,"Moderate"
"ORD00727","2025-05-25",4,"Moderate"
"ORD00693","2025-05-11",4,"Moderate"
"ORD00691","2025-09-08",4,"Moderate"
"ORD00688","2025-03-16",4,"Moderate"
"ORD00684","2025-07-27",4,"Moderate"
"ORD00886","2025-12-11",4,"Moderate"
"ORD00680","2025-01-06",4,"Moderate"
"ORD00677","2025-02-06",4,"Moderate"
"ORD00668","2025-01-18",4,"Moderate"
"ORD00890","2025-10-13",4,"Moderate"
"ORD00660","2025-04-28",4,"Moderate"
"ORD00651","2025-07-03",4,"Moderate"
"ORD00645","2025-09-19",4,"Moderate"
"ORD00894","2025-08-26",4,"Moderate"
"ORD00638","2025-08-21",4,"Moderate"
"ORD00896","2025-06-30",4,"Moderate"
"ORD00623","2025-10-17",4,"Moderate"
"ORD00621","2025-12-05",4,"Moderate"
"ORD00899","2025-03-14",4,"Moderate"
"ORD00618","2025-03-31",4,"Moderate"
"ORD00901","2025-09-01",4,"Moderate"
"ORD00613","2025-09-23",4,"Moderate"
"ORD00606","2025-04-03",4,"Moderate"
"ORD00590","2025-02-05",4,"Moderate"
"ORD00905","2025-11-16",4,"Moderate"
"ORD00581","2025-06-17",4,"Moderate"
"ORD00575","2025-04-30",4,"Moderate"
"ORD00566","2025-08-04",4,"Moderate"
"ORD00554","2025-07-01",4,"Moderate"
"ORD00992","2025-09-09",4,"Moderate"
"ORD00552","2025-02-04",4,"Moderate"
"ORD00549","2025-03-10",4,"Moderate"
"ORD00535","2025-11-19",4,"Moderate"
"ORD00533","2025-10-27",4,"Moderate"
"ORD00529","2025-11-18",4,"Moderate"
"ORD00524","2025-03-01",4,"Moderate"
"ORD00515","2025-01-25",4,"Moderate"
"ORD00512","2025-02-18",4,"Moderate"
"ORD00508","2025-08-09",4,"Moderate"
"ORD00503","2025-09-28",4,"Moderate"
"ORD00489","2025-11-12",4,"Moderate"
"ORD00993","2025-10-15",4,"Moderate"
"ORD00488","2025-03-31",4,"Moderate"
"ORD00477","2025-05-29",4,"Moderate"
"ORD00476","2025-12-31",4,"Moderate"
"ORD00469","2025-09-17",4,"Moderate"
"ORD00467","2025-06-21",4,"Moderate"
"ORD00928","2025-11-20",4,"Moderate"
"ORD00464","2025-06-28",4,"Moderate"
"ORD00458","2025-12-02",4,"Moderate"
"ORD00455","2025-10-10",4,"Moderate"
"ORD00450","2025-10-22",4,"Moderate"
"ORD00443","2025-06-17",4,"Moderate"
"ORD00438","2025-05-12",4,"Moderate"
"ORD00435","2025-01-07",4,"Moderate"
"ORD00936","2025-09-25",4,"Moderate"
"ORD00105","2025-04-02",4,"Moderate"
"ORD00402","2025-06-11",4,"Moderate"
"ORD00399","2025-04-02",4,"Moderate"
"ORD00398","2025-08-07",4,"Moderate"
"ORD00941","2025-11-24",4,"Moderate"
"ORD00942","2025-09-02",4,"Moderate"
"ORD00376","2025-11-06",4,"Moderate"
"ORD00357","2025-08-30",4,"Moderate"
"ORD00102","2025-11-15",4,"Moderate"
"ORD00355","2025-02-07",4,"Moderate"
"ORD00947","2025-11-04",4,"Moderate"
"ORD00096","2025-10-04",4,"Moderate"
"ORD00345","2025-11-11",4,"Moderate"
"ORD00324","2025-01-13",4,"Moderate"
"ORD00313","2025-03-30",4,"Moderate"
"ORD00068","2025-11-10",4,"Moderate"
"ORD00953","2025-02-22",4,"Moderate"
"ORD00309","2025-02-20",4,"Moderate"
"ORD00285","2025-03-19",4,"Moderate"
"ORD00046","2025-04-04",4,"Moderate"
"ORD00269","2025-03-06",4,"Moderate"
"ORD00268","2025-10-05",4,"Moderate"
"ORD00267","2025-09-10",4,"Moderate"
"ORD00260","2025-07-03",4,"Moderate"
"ORD00961","2025-02-09",4,"Moderate"
"ORD00259","2025-12-03",4,"Moderate"
"ORD00253","2025-02-20",4,"Moderate"
"ORD00252","2025-07-09",4,"Moderate"
"ORD00239","2025-07-21",4,"Moderate"
"ORD00235","2025-11-23",4,"Moderate"
"ORD00224","2025-03-02",4,"Moderate"
"ORD00209","2025-11-07",4,"Moderate"
"ORD00969","2025-02-20",4,"Moderate"
"ORD00970","2025-01-04",4,"Moderate"
"ORD00971","2025-04-03",4,"Moderate"
"ORD00040","2025-05-10",4,"Moderate"
"ORD00195","2025-08-01",4,"Moderate"
"ORD00013","2025-11-20",4,"Moderate"
"ORD00194","2025-08-22",4,"Moderate"
"ORD00976","2025-07-28",4,"Moderate"
"ORD00977","2025-12-03",4,"Moderate"
"ORD00978","2025-04-15",4,"Moderate"
"ORD00193","2025-05-20",4,"Moderate"
"ORD00169","2025-07-14",4,"Moderate"
"ORD00163","2025-10-22",4,"Moderate"
"ORD00160","2025-03-08",4,"Moderate"
"ORD00153","2025-09-26",4,"Moderate"
"ORD00151","2025-06-10",4,"Moderate"
"ORD00985","2025-12-18",4,"Moderate"
"ORD00143","2025-05-18",4,"Moderate"
"ORD00139","2025-01-08",4,"Moderate"
"ORD00988","2025-02-12",4,"Moderate"
"ORD00850","2025-08-18",4,"Moderate"
"ORD00989","2025-12-26",4,"Moderate"
"ORD00849","2025-03-10",4,"Moderate"
"ORD00842","2025-01-03",4,"Moderate"
"ORD00822","2025-04-18",4,"Moderate"
"ORD00866","2025-03-03",4,"Moderate"
"ORD00817","2025-09-23",4,"Moderate"
"ORD00804","2025-10-18",4,"Moderate"
"ORD00803","2025-04-25",4,"Moderate"
"ORD00801","2025-10-13",4,"Moderate"
"ORD00796","2025-11-05",4,"Moderate"
"ORD00128","2025-12-06",4,"Moderate"
